{
  "project_info": {
    "project_number": "158152522436",
    "firebase_url": "https://exploreyourpassion-77be5-default-rtdb.firebaseio.com",
    "project_id": "exploreyourpassion-77be5",
    "storage_bucket": "exploreyourpassion-77be5.appspot.com"
  },
  "client": [
    {
      "client_info": {
        "mobilesdk_app_id": "1:158152522436:android:9c8e07278e38aac208a791",
        "android_client_info": {
          "package_name": "com.example.eyp_cooking_app"
        }
      },
      "oauth_client": [
        {
          "client_id": "158152522436-m486ffpr53dos6g4q6rb5joql0jdgh1u.apps.googleusercontent.com",
          "client_type": 1,
          "android_info": {
            "package_name": "com.example.eyp_cooking_app",
            "certificate_hash": "4dde1b82982d1cf511fcb6fccd9c3956ffa9a5c6"
          }
        },
        {
          "client_id": "158152522436-i2ckg0prcfkq7bddtu5n5h43tgdbji7q.apps.googleusercontent.com",
          "client_type": 3
        }
      ],
      "api_key": [
        {
          "current_key": "AIzaSyDU5763x9fCN0PC1-o3PcoE2dOm363FDIc"
        }
      ],
      "services": {
        "appinvite_service": {
          "other_platform_oauth_client": [
            {
              "client_id": "158152522436-i2ckg0prcfkq7bddtu5n5h43tgdbji7q.apps.googleusercontent.com",
              "client_type": 3
            }
          ]
        }
      }
    },
    {
      "client_info": {
        "mobilesdk_app_id": "1:158152522436:android:a4e9af3ffc513fc008a791",
        "android_client_info": {
          "package_name": "com.eyp.ExploreYourPassions"
        }
      },
      "oauth_client": [
        {
          "client_id": "158152522436-hpofpic95gpi9oi8r00ha6q5behdn6qc.apps.googleusercontent.com",
          "client_type": 1,
          "android_info": {
            "package_name": "com.eyp.ExploreYourPassions",
            "certificate_hash": "4dde1b82982d1cf511fcb6fccd9c3956ffa9a5c6"
          }
        },
        {
          "client_id": "158152522436-i2ckg0prcfkq7bddtu5n5h43tgdbji7q.apps.googleusercontent.com",
          "client_type": 3
        }
      ],
      "api_key": [
        {
          "current_key": "AIzaSyDU5763x9fCN0PC1-o3PcoE2dOm363FDIc"
        }
      ],
      "services": {
        "appinvite_service": {
          "other_platform_oauth_client": [
            {
              "client_id": "158152522436-i2ckg0prcfkq7bddtu5n5h43tgdbji7q.apps.googleusercontent.com",
              "client_type": 3
            }
          ]
        }
      }
    },
    {
      "client_info": {
        "mobilesdk_app_id": "1:158152522436:android:2090814e6eb67b6808a791",
        "android_client_info": {
          "package_name": "com.eyp_cooking_app"
        }
      },
      "oauth_client": [
        {
          "client_id": "158152522436-d8gjo6bh17ov2549lgl3bgbdtn2massd.apps.googleusercontent.com",
          "client_type": 1,
          "android_info": {
            "package_name": "com.eyp_cooking_app",
            "certificate_hash": "bce01c168dd832069ddf953b8110dc889a06af6c"
          }
        },
        {
          "client_id": "158152522436-i2ckg0prcfkq7bddtu5n5h43tgdbji7q.apps.googleusercontent.com",
          "client_type": 3
        }
      ],
      "api_key": [
        {
          "current_key": "AIzaSyDU5763x9fCN0PC1-o3PcoE2dOm363FDIc"
        }
      ],
      "services": {
        "appinvite_service": {
          "other_platform_oauth_client": [
            {
              "client_id": "158152522436-i2ckg0prcfkq7bddtu5n5h43tgdbji7q.apps.googleusercontent.com",
              "client_type": 3
            }
          ]
        }
      }
    }
  ],
  "configuration_version": "1"
}